sample_id,date,time,axis,axis_angle,phi_cmd,azimuth_cmd,d_fixed,v_mean,v_median,v_std,n_samples,fs
20260721_150622_1,2026-07-21,15:07:31,X,-90.000000,90.000000,180.000000,1.000000,0.535877,0.535777,0.002052,1000,1000
20260721_150622_2,2026-07-21,15:07:35,X,-89.000000,89.000000,180.000000,1.000000,0.536500,0.536435,0.002031,1000,1000
20260721_150622_3,2026-07-21,15:07:40,X,-88.000000,88.000000,180.000000,1.000000,0.526050,0.525907,0.002068,1000,1000
20260721_150622_4,2026-07-21,15:07:44,X,-87.000000,87.000000,180.000000,1.000000,0.523531,0.523603,0.001979,1000,1000
20260721_150622_5,2026-07-21,15:07:48,X,-86.000000,86.000000,180.000000,1.000000,0.536881,0.536764,0.002064,1000,1000
20260721_150622_6,2026-07-21,15:07:52,X,-85.000000,85.000000,180.000000,1.000000,0.573855,0.573945,0.001901,1000,1000
20260721_150622_7,2026-07-21,15:07:56,X,-84.000000,84.000000,180.000000,1.000000,0.652890,0.652911,0.002039,1000,1000
20260721_150622_8,2026-07-21,15:08:00,X,-83.000000,83.000000,180.000000,1.000000,0.711581,0.711478,0.001997,1000,1000
20260721_150622_9,2026-07-21,15:08:05,X,-82.000000,82.000000,180.000000,1.000000,0.730673,0.730562,0.001982,1000,1000
20260721_150622_10,2026-07-21,15:08:09,X,-81.000000,81.000000,180.000000,1.000000,0.739073,0.739117,0.001898,1000,1000
20260721_150622_11,2026-07-21,15:08:13,X,-80.000000,80.000000,180.000000,1.000000,0.742047,0.742078,0.002013,1000,1000
20260721_150622_12,2026-07-21,15:08:17,X,-79.000000,79.000000,180.000000,1.000000,0.735029,0.735168,0.002037,1000,1000
20260721_150622_13,2026-07-21,15:08:21,X,-78.000000,78.000000,180.000000,1.000000,0.707343,0.707201,0.001999,1000,1000
20260721_150622_14,2026-07-21,15:08:25,X,-77.000000,77.000000,180.000000,1.000000,0.682160,0.682195,0.002046,1000,1000
20260721_150622_15,2026-07-21,15:08:30,X,-76.000000,76.000000,180.000000,1.000000,0.663136,0.663111,0.002013,1000,1000
20260721_150622_16,2026-07-21,15:08:34,X,-75.000000,75.000000,180.000000,1.000000,0.671623,0.671666,0.002099,1000,1000
20260721_150622_17,2026-07-21,15:08:38,X,-74.000000,74.000000,180.000000,1.000000,0.686277,0.686143,0.001862,1000,1000
20260721_150622_18,2026-07-21,15:08:42,X,-73.000000,73.000000,180.000000,1.000000,0.702885,0.702924,0.002172,1000,1000
20260721_150622_19,2026-07-21,15:08:46,X,-72.000000,72.000000,180.000000,1.000000,0.708611,0.708517,0.002234,1000,1000
20260721_150622_20,2026-07-21,15:08:50,X,-71.000000,71.000000,180.000000,1.000000,0.718143,0.718059,0.002011,1000,1000
20260721_150622_21,2026-07-21,15:08:54,X,-70.000000,70.000000,180.000000,1.000000,0.737924,0.737800,0.002172,1000,1000
20260721_150622_22,2026-07-21,15:08:59,X,-69.000000,69.000000,180.000000,1.000000,0.763869,0.763794,0.002055,1000,1000
20260721_150622_23,2026-07-21,15:09:03,X,-68.000000,68.000000,180.000000,1.000000,0.792044,0.792090,0.001917,1000,1000
20260721_150622_24,2026-07-21,15:09:07,X,-67.000000,67.000000,180.000000,1.000000,0.823119,0.823019,0.002260,1000,1000
20260721_150622_25,2026-07-21,15:09:11,X,-66.000000,66.000000,180.000000,1.000000,0.847779,0.847696,0.002034,1000,1000
20260721_150622_26,2026-07-21,15:09:15,X,-65.000000,65.000000,180.000000,1.000000,0.880275,0.880270,0.002020,1000,1000
20260721_150622_27,2026-07-21,15:09:19,X,-64.000000,64.000000,180.000000,1.000000,0.909657,0.909553,0.001945,1000,1000
20260721_150622_28,2026-07-21,15:09:24,X,-63.000000,63.000000,180.000000,1.000000,0.943412,0.943443,0.002033,1000,1000
20260721_150622_29,2026-07-21,15:09:28,X,-62.000000,62.000000,180.000000,1.000000,0.985346,0.985230,0.002225,1000,1000
20260721_150622_30,2026-07-21,15:09:32,X,-61.000000,61.000000,180.000000,1.000000,1.032970,1.032939,0.001955,1000,1000
20260721_150622_31,2026-07-21,15:09:36,X,-60.000000,60.000000,180.000000,1.000000,1.100202,1.100061,0.001999,1000,1000
20260721_150622_32,2026-07-21,15:09:40,X,-59.000000,59.000000,180.000000,1.000000,1.178722,1.178698,0.001938,1000,1000
20260721_150622_33,2026-07-21,15:09:44,X,-58.000000,58.000000,180.000000,1.000000,1.256442,1.256349,0.002266,1000,1000
20260721_150622_34,2026-07-21,15:09:48,X,-57.000000,57.000000,180.000000,1.000000,1.355490,1.355387,0.002008,1000,1000
20260721_150622_35,2026-07-21,15:09:53,X,-56.000000,56.000000,180.000000,1.000000,1.454902,1.454753,0.001993,1000,1000
20260721_150622_36,2026-07-21,15:09:57,X,-55.000000,55.000000,180.000000,1.000000,1.568315,1.568268,0.002050,1000,1000
20260721_150622_37,2026-07-21,15:10:01,X,-54.000000,54.000000,180.000000,1.000000,1.701121,1.701196,0.002113,1000,1000
20260721_150622_38,2026-07-21,15:10:05,X,-53.000000,53.000000,180.000000,1.000000,1.830596,1.830505,0.002007,1000,1000
20260721_150622_39,2026-07-21,15:10:09,X,-52.000000,52.000000,180.000000,1.000000,2.015100,2.015091,0.002175,1000,1000
20260721_150622_40,2026-07-21,15:10:13,X,-51.000000,51.000000,180.000000,1.000000,2.201549,2.201651,0.002180,1000,1000
20260721_150622_41,2026-07-21,15:10:17,X,-50.000000,50.000000,180.000000,1.000000,2.401461,2.401372,0.001858,1000,1000
20260721_150622_42,2026-07-21,15:10:22,X,-49.000000,49.000000,180.000000,1.000000,2.611069,2.610965,0.001870,1000,1000
20260721_150622_43,2026-07-21,15:10:26,X,-48.000000,48.000000,180.000000,1.000000,2.858367,2.858396,0.001939,1000,1000
20260721_150622_44,2026-07-21,15:10:30,X,-47.000000,47.000000,180.000000,1.000000,3.099294,3.099248,0.001943,1000,1000
20260721_150622_45,2026-07-21,15:10:34,X,-46.000000,46.000000,180.000000,1.000000,3.329905,3.329899,0.001982,1000,1000
20260721_150622_46,2026-07-21,15:10:38,X,-45.000000,45.000000,180.000000,1.000000,3.576433,3.576345,0.001964,1000,1000
20260721_150622_47,2026-07-21,15:10:42,X,-44.000000,44.000000,180.000000,1.000000,3.832940,3.832991,0.001886,1000,1000
20260721_150622_48,2026-07-21,15:10:46,X,-43.000000,43.000000,180.000000,1.000000,4.089172,4.088979,0.001939,1000,1000
20260721_150622_49,2026-07-21,15:10:50,X,-42.000000,42.000000,180.000000,1.000000,4.357239,4.357143,0.002048,1000,1000
20260721_150622_50,2026-07-21,15:10:55,X,-41.000000,41.000000,180.000000,1.000000,4.623887,4.623826,0.002807,1000,1000
20260721_150622_51,2026-07-21,15:10:59,X,-40.000000,40.000000,180.000000,1.000000,4.916165,4.915845,0.002418,1000,1000
20260721_150622_52,2026-07-21,15:11:03,X,-39.000000,39.000000,180.000000,1.000000,5.196201,5.195856,0.003102,1000,1000
20260721_150622_53,2026-07-21,15:11:07,X,-38.000000,38.000000,180.000000,1.000000,5.472091,5.471918,0.002202,1000,1000
20260721_150622_54,2026-07-21,15:11:11,X,-37.000000,37.000000,180.000000,1.000000,5.749139,5.749298,0.002041,1000,1000
20260721_150622_55,2026-07-21,15:11:15,X,-36.000000,36.000000,180.000000,1.000000,6.004991,6.004961,0.001772,1000,1000
20260721_150622_56,2026-07-21,15:11:19,X,-35.000000,35.000000,180.000000,1.000000,6.265750,6.265890,0.002294,1000,1000
20260721_150622_57,2026-07-21,15:11:24,X,-34.000000,34.000000,180.000000,1.000000,6.507978,6.508064,0.002136,1000,1000
20260721_150622_58,2026-07-21,15:11:28,X,-33.000000,33.000000,180.000000,1.000000,6.753547,6.753529,0.002056,1000,1000
20260721_150622_59,2026-07-21,15:11:32,X,-32.000000,32.000000,180.000000,1.000000,6.997449,6.997350,0.001900,1000,1000
20260721_150622_60,2026-07-21,15:11:36,X,-31.000000,31.000000,180.000000,1.000000,7.225895,7.226035,0.002138,1000,1000
20260721_150622_61,2026-07-21,15:11:40,X,-30.000000,30.000000,180.000000,1.000000,7.458014,7.458011,0.002010,1000,1000
20260721_150622_62,2026-07-21,15:11:44,X,-29.000000,29.000000,180.000000,1.000000,7.660157,7.659057,0.003645,1000,1000
20260721_150622_63,2026-07-21,15:11:48,X,-28.000000,28.000000,180.000000,1.000000,7.868659,7.868659,0.001953,1000,1000
20260721_150622_64,2026-07-21,15:11:53,X,-27.000000,27.000000,180.000000,1.000000,8.103508,8.103599,0.001961,1000,1000
20260721_150622_65,2026-07-21,15:11:57,X,-26.000000,26.000000,180.000000,1.000000,8.348756,8.348739,0.001990,1000,1000
20260721_150622_66,2026-07-21,15:12:01,X,-25.000000,25.000000,180.000000,1.000000,8.541224,8.541232,0.001616,1000,1000
20260721_150622_67,2026-07-21,15:12:05,X,-24.000000,24.000000,180.000000,1.000000,8.725607,8.724842,0.004955,1000,1000
20260721_150622_68,2026-07-21,15:12:09,X,-23.000000,23.000000,180.000000,1.000000,8.938101,8.938066,0.001968,1000,1000
20260721_150622_69,2026-07-21,15:12:13,X,-22.000000,22.000000,180.000000,1.000000,9.162670,9.163137,0.002495,1000,1000
20260721_150622_70,2026-07-21,15:12:18,X,-21.000000,21.000000,180.000000,1.000000,9.350008,9.351025,0.004164,1000,1000
20260721_150622_71,2026-07-21,15:12:22,X,-20.000000,20.000000,180.000000,1.000000,9.533217,9.534143,0.003388,1000,1000
20260721_150622_72,2026-07-21,15:12:26,X,-19.000000,19.000000,180.000000,1.000000,9.715452,9.715287,0.002209,1000,1000
20260721_150622_73,2026-07-21,15:12:30,X,-18.000000,18.000000,180.000000,1.000000,9.909580,9.909758,0.001827,1000,1000
20260721_150622_74,2026-07-21,15:12:34,X,-17.000000,17.000000,180.000000,1.000000,10.086829,10.087118,0.002657,1000,1000
20260721_150622_75,2026-07-21,15:12:38,X,-16.000000,16.000000,180.000000,1.000000,10.249690,10.249672,0.001556,1000,1000
20260721_150622_76,2026-07-21,15:12:42,X,-15.000000,15.000000,180.000000,1.000000,10.391848,10.391495,0.002978,1000,1000
20260721_150622_77,2026-07-21,15:12:47,X,-14.000000,14.000000,180.000000,1.000000,10.534970,10.534635,0.002312,1000,1000
20260721_150622_78,2026-07-21,15:12:51,X,-13.000000,13.000000,180.000000,1.000000,10.696030,10.695873,0.004090,1000,1000
20260721_150622_79,2026-07-21,15:12:55,X,-12.000000,12.000000,180.000000,1.000000,10.831149,10.831116,0.002878,1000,1000
20260721_150622_80,2026-07-21,15:12:59,X,-11.000000,11.000000,180.000000,1.000000,10.938389,10.938389,0.000000,1000,1000
20260721_150622_81,2026-07-21,15:13:03,X,-10.000000,10.000000,180.000000,1.000000,10.938389,10.938389,0.000000,1000,1000
20260721_150622_82,2026-07-21,15:13:07,X,-9.000000,9.000000,180.000000,1.000000,10.938389,10.938389,0.000000,1000,1000
20260721_150622_83,2026-07-21,15:13:11,X,-8.000000,8.000000,180.000000,1.000000,10.938389,10.938389,0.000000,1000,1000
20260721_150622_84,2026-07-21,15:13:16,X,-7.000000,7.000000,180.000000,1.000000,10.938389,10.938389,0.000000,1000,1000
20260721_150622_85,2026-07-21,15:13:20,X,-6.000000,6.000000,180.000000,1.000000,10.938389,10.938389,0.000000,1000,1000
20260721_150622_86,2026-07-21,15:13:24,X,-5.000000,5.000000,180.000000,1.000000,10.938389,10.938389,0.000000,1000,1000
20260721_150622_87,2026-07-21,15:13:28,X,-4.000000,4.000000,180.000000,1.000000,10.938389,10.938389,0.000000,1000,1000
20260721_150622_88,2026-07-21,15:13:32,X,-3.000000,3.000000,180.000000,1.000000,10.938389,10.938389,0.000000,1000,1000
20260721_150622_89,2026-07-21,15:13:36,X,-2.000000,2.000000,180.000000,1.000000,10.938389,10.938389,0.000000,1000,1000
20260721_150622_90,2026-07-21,15:13:40,X,-1.000000,1.000000,180.000000,1.000000,10.938389,10.938389,0.000000,1000,1000
20260721_150622_91,2026-07-21,15:13:44,X,0.000000,0.000000,0.000000,1.000000,10.938389,10.938389,0.000000,1000,1000
20260721_150622_92,2026-07-21,15:13:49,X,1.000000,1.000000,0.000000,1.000000,10.938389,10.938389,0.000000,1000,1000
20260721_150622_93,2026-07-21,15:13:53,X,2.000000,2.000000,0.000000,1.000000,10.938389,10.938389,0.000000,1000,1000
20260721_150622_94,2026-07-21,15:13:57,X,3.000000,3.000000,0.000000,1.000000,10.938389,10.938389,0.000000,1000,1000
20260721_150622_95,2026-07-21,15:14:01,X,4.000000,4.000000,0.000000,1.000000,10.938389,10.938389,0.000000,1000,1000
20260721_150622_96,2026-07-21,15:14:05,X,5.000000,5.000000,0.000000,1.000000,10.938389,10.938389,0.000000,1000,1000
20260721_150622_97,2026-07-21,15:14:09,X,6.000000,6.000000,0.000000,1.000000,10.938389,10.938389,0.000000,1000,1000
20260721_150622_98,2026-07-21,15:14:14,X,7.000000,7.000000,0.000000,1.000000,10.938389,10.938389,0.000000,1000,1000
20260721_150622_99,2026-07-21,15:14:18,X,8.000000,8.000000,0.000000,1.000000,10.938389,10.938389,0.000000,1000,1000
20260721_150622_100,2026-07-21,15:14:22,X,9.000000,9.000000,0.000000,1.000000,10.938389,10.938389,0.000000,1000,1000
20260721_150622_101,2026-07-21,15:14:26,X,10.000000,10.000000,0.000000,1.000000,10.938389,10.938389,0.000000,1000,1000
20260721_150622_102,2026-07-21,15:14:30,X,11.000000,11.000000,0.000000,1.000000,10.938389,10.938389,0.000000,1000,1000
20260721_150622_103,2026-07-21,15:14:34,X,12.000000,12.000000,0.000000,1.000000,10.938389,10.938389,0.000000,1000,1000
20260721_150622_104,2026-07-21,15:14:38,X,13.000000,13.000000,0.000000,1.000000,10.938389,10.938389,0.000000,1000,1000
20260721_150622_105,2026-07-21,15:14:43,X,14.000000,14.000000,0.000000,1.000000,10.934820,10.935098,0.001945,1000,1000
20260721_150622_106,2026-07-21,15:14:47,X,15.000000,15.000000,0.000000,1.000000,10.794563,10.796565,0.007410,1000,1000
20260721_150622_107,2026-07-21,15:14:51,X,16.000000,16.000000,0.000000,1.000000,10.669226,10.669219,0.002198,1000,1000
20260721_150622_108,2026-07-21,15:14:55,X,17.000000,17.000000,0.000000,1.000000,10.517583,10.517524,0.002145,1000,1000
20260721_150622_109,2026-07-21,15:14:59,X,18.000000,18.000000,0.000000,1.000000,10.377231,10.377674,0.002078,1000,1000
20260721_150622_110,2026-07-21,15:15:03,X,19.000000,19.000000,0.000000,1.000000,10.215954,10.215779,0.001812,1000,1000
20260721_150622_111,2026-07-21,15:15:07,X,20.000000,20.000000,0.000000,1.000000,10.058892,10.058819,0.001751,1000,1000
20260721_150622_112,2026-07-21,15:15:11,X,21.000000,21.000000,0.000000,1.000000,9.876101,9.876194,0.001749,1000,1000
20260721_150622_113,2026-07-21,15:15:16,X,22.000000,22.000000,0.000000,1.000000,9.725305,9.725158,0.002036,1000,1000
20260721_150622_114,2026-07-21,15:15:20,X,23.000000,23.000000,0.000000,1.000000,9.547352,9.547469,0.001643,1000,1000
20260721_150622_115,2026-07-21,15:15:24,X,24.000000,24.000000,0.000000,1.000000,9.369195,9.369123,0.001840,1000,1000
20260721_150622_116,2026-07-21,15:15:28,X,25.000000,25.000000,0.000000,1.000000,9.182848,9.182880,0.001925,1000,1000
20260721_150622_117,2026-07-21,15:15:32,X,26.000000,26.000000,0.000000,1.000000,9.002380,9.002560,0.001936,1000,1000
20260721_150622_118,2026-07-21,15:15:36,X,27.000000,27.000000,0.000000,1.000000,8.807988,8.808091,0.001935,1000,1000
20260721_150622_119,2026-07-21,15:15:40,X,28.000000,28.000000,0.000000,1.000000,8.607967,8.608029,0.001733,1000,1000
20260721_150622_120,2026-07-21,15:15:45,X,29.000000,29.000000,0.000000,1.000000,8.392529,8.392502,0.001960,1000,1000
20260721_150622_121,2026-07-21,15:15:49,X,30.000000,30.000000,0.000000,1.000000,8.178010,8.178292,0.001798,1000,1000
20260721_150622_122,2026-07-21,15:15:53,X,31.000000,31.000000,0.000000,1.000000,7.973012,7.972967,0.001955,1000,1000
20260721_150622_123,2026-07-21,15:15:57,X,32.000000,32.000000,0.000000,1.000000,7.762850,7.762707,0.002115,1000,1000
20260721_150622_124,2026-07-21,15:16:01,X,33.000000,33.000000,0.000000,1.000000,7.539048,7.538956,0.001966,1000,1000
20260721_150622_125,2026-07-21,15:16:06,X,34.000000,34.000000,0.000000,1.000000,7.310970,7.310928,0.002341,1000,1000
20260721_150622_126,2026-07-21,15:16:10,X,35.000000,35.000000,0.000000,1.000000,7.103144,7.102972,0.002023,1000,1000
20260721_150622_127,2026-07-21,15:16:14,X,36.000000,36.000000,0.000000,1.000000,6.882107,6.881856,0.002092,1000,1000
20260721_150622_128,2026-07-21,15:16:18,X,37.000000,37.000000,0.000000,1.000000,6.657207,6.657449,0.002197,1000,1000
20260721_150622_129,2026-07-21,15:16:22,X,38.000000,38.000000,0.000000,1.000000,6.430340,6.430410,0.002340,1000,1000
20260721_150622_130,2026-07-21,15:16:26,X,39.000000,39.000000,0.000000,1.000000,6.209190,6.209624,0.002289,1000,1000
20260721_150622_131,2026-07-21,15:16:30,X,40.000000,40.000000,0.000000,1.000000,5.990038,5.990154,0.001910,1000,1000
20260721_150622_132,2026-07-21,15:16:34,X,41.000000,41.000000,0.000000,1.000000,5.735335,5.735478,0.001854,1000,1000
20260721_150622_133,2026-07-21,15:16:39,X,42.000000,42.000000,0.000000,1.000000,5.489091,5.489028,0.001945,1000,1000
20260721_150622_134,2026-07-21,15:16:43,X,43.000000,43.000000,0.000000,1.000000,5.257075,5.257057,0.002095,1000,1000
20260721_150622_135,2026-07-21,15:16:47,X,44.000000,44.000000,0.000000,1.000000,5.003257,5.003369,0.001813,1000,1000
20260721_150622_136,2026-07-21,15:16:51,X,45.000000,45.000000,0.000000,1.000000,4.760779,4.760869,0.001943,1000,1000
20260721_150622_137,2026-07-21,15:16:55,X,46.000000,46.000000,0.000000,1.000000,4.530082,4.529886,0.002228,1000,1000
20260721_150622_138,2026-07-21,15:16:59,X,47.000000,47.000000,0.000000,1.000000,4.276920,4.276858,0.002014,1000,1000
20260721_150622_139,2026-07-21,15:17:03,X,48.000000,48.000000,0.000000,1.000000,4.009185,4.009353,0.001982,1000,1000
20260721_150622_140,2026-07-21,15:17:08,X,49.000000,49.000000,0.000000,1.000000,3.744739,3.744810,0.002053,1000,1000
20260721_150622_141,2026-07-21,15:17:12,X,50.000000,50.000000,0.000000,1.000000,3.518620,3.518764,0.001938,1000,1000
20260721_150622_142,2026-07-21,15:17:16,X,51.000000,51.000000,0.000000,1.000000,3.269879,3.269686,0.002050,1000,1000
20260721_150622_143,2026-07-21,15:17:20,X,52.000000,52.000000,0.000000,1.000000,3.021626,3.021596,0.002119,1000,1000
20260721_150622_144,2026-07-21,15:17:24,X,53.000000,53.000000,0.000000,1.000000,2.801687,2.801803,0.001853,1000,1000
20260721_150622_145,2026-07-21,15:17:28,X,54.000000,54.000000,0.000000,1.000000,2.557919,2.557991,0.002246,1000,1000
20260721_150622_146,2026-07-21,15:17:33,X,55.000000,55.000000,0.000000,1.000000,2.350341,2.350372,0.002180,1000,1000
20260721_150622_147,2026-07-21,15:17:37,X,56.000000,56.000000,0.000000,1.000000,2.154154,2.154270,0.002020,1000,1000
20260721_150622_148,2026-07-21,15:17:41,X,57.000000,57.000000,0.000000,1.000000,1.970278,1.970343,0.002030,1000,1000
20260721_150622_149,2026-07-21,15:17:45,X,58.000000,58.000000,0.000000,1.000000,1.816848,1.816686,0.002011,1000,1000
20260721_150622_150,2026-07-21,15:17:49,X,59.000000,59.000000,0.000000,1.000000,1.681768,1.681784,0.002080,1000,1000
20260721_150622_151,2026-07-21,15:17:53,X,60.000000,60.000000,0.000000,1.000000,1.554873,1.554778,0.001981,1000,1000
20260721_150622_152,2026-07-21,15:17:57,X,61.000000,61.000000,0.000000,1.000000,1.450861,1.450805,0.001921,1000,1000
20260721_150622_153,2026-07-21,15:18:01,X,62.000000,62.000000,0.000000,1.000000,1.346280,1.346174,0.001980,1000,1000
20260721_150622_154,2026-07-21,15:18:06,X,63.000000,63.000000,0.000000,1.000000,1.253665,1.253717,0.002258,1000,1000
20260721_150622_155,2026-07-21,15:18:10,X,64.000000,64.000000,0.000000,1.000000,1.175471,1.175408,0.002090,1000,1000
20260721_150622_156,2026-07-21,15:18:14,X,65.000000,65.000000,0.000000,1.000000,1.112737,1.112893,0.001717,1000,1000
20260721_150622_157,2026-07-21,15:18:18,X,66.000000,66.000000,0.000000,1.000000,1.051501,1.051693,0.002085,1000,1000
20260721_150622_158,2026-07-21,15:18:22,X,67.000000,67.000000,0.000000,1.000000,0.998049,0.998062,0.002076,1000,1000
20260721_150622_159,2026-07-21,15:18:26,X,68.000000,68.000000,0.000000,1.000000,0.953172,0.952985,0.002211,1000,1000
20260721_150622_160,2026-07-21,15:18:30,X,69.000000,69.000000,0.000000,1.000000,0.906754,0.906921,0.002107,1000,1000
20260721_150622_161,2026-07-21,15:18:35,X,70.000000,70.000000,0.000000,1.000000,0.869298,0.869412,0.001790,1000,1000
20260721_150622_162,2026-07-21,15:18:39,X,71.000000,71.000000,0.000000,1.000000,0.839271,0.839141,0.001854,1000,1000
20260721_150622_163,2026-07-21,15:18:43,X,72.000000,72.000000,0.000000,1.000000,0.815283,0.815122,0.002181,1000,1000
20260721_150622_164,2026-07-21,15:18:47,X,73.000000,73.000000,0.000000,1.000000,0.793390,0.793406,0.001894,1000,1000
20260721_150622_165,2026-07-21,15:18:51,X,74.000000,74.000000,0.000000,1.000000,0.774275,0.774323,0.002140,1000,1000
20260721_150622_166,2026-07-21,15:18:55,X,75.000000,75.000000,0.000000,1.000000,0.761813,0.761820,0.002078,1000,1000
20260721_150622_167,2026-07-21,15:19:00,X,76.000000,76.000000,0.000000,1.000000,0.751148,0.751291,0.002181,1000,1000
20260721_150622_168,2026-07-21,15:19:04,X,77.000000,77.000000,0.000000,1.000000,0.747111,0.747342,0.002023,1000,1000
20260721_150622_169,2026-07-21,15:19:08,X,78.000000,78.000000,0.000000,1.000000,0.747502,0.747342,0.001864,1000,1000
20260721_150622_170,2026-07-21,15:19:12,X,79.000000,79.000000,0.000000,1.000000,0.737188,0.737142,0.001872,1000,1000
20260721_150622_171,2026-07-21,15:19:16,X,80.000000,80.000000,0.000000,1.000000,0.723758,0.723652,0.001944,1000,1000
20260721_150622_172,2026-07-21,15:19:20,X,81.000000,81.000000,0.000000,1.000000,0.711212,0.711149,0.001787,1000,1000
20260721_150622_173,2026-07-21,15:19:24,X,82.000000,82.000000,0.000000,1.000000,0.699545,0.699633,0.002200,1000,1000
20260721_150622_174,2026-07-21,15:19:29,X,83.000000,83.000000,0.000000,1.000000,0.721789,0.722007,0.002082,1000,1000
20260721_150622_175,2026-07-21,15:19:33,X,84.000000,84.000000,0.000000,1.000000,0.768943,0.769058,0.001959,1000,1000
20260721_150622_176,2026-07-21,15:19:37,X,85.000000,85.000000,0.000000,1.000000,0.800031,0.799987,0.002020,1000,1000
20260721_150622_177,2026-07-21,15:19:41,X,86.000000,86.000000,0.000000,1.000000,0.801717,0.801632,0.001891,1000,1000
20260721_150622_178,2026-07-21,15:19:45,X,87.000000,87.000000,0.000000,1.000000,0.798601,0.798671,0.001983,1000,1000
20260721_150622_179,2026-07-21,15:19:49,X,88.000000,88.000000,0.000000,1.000000,0.660174,0.660150,0.001943,1000,1000
20260721_150622_180,2026-07-21,15:19:54,X,89.000000,89.000000,0.000000,1.000000,0.584940,0.584803,0.001893,1000,1000
20260721_150622_181,2026-07-21,15:20:02,X,90.000000,90.000000,0.000000,1.000000,0.718163,0.718059,0.002015,1000,1000
